Class,CAS
"Organics, Pesticides",138261-41-3
"Organics, Pesticides",138261-41-3
"Organics, Pesticides",1071-83-6
"Organics, Pesticides",138261-41-3
"Organics, Pesticides",1066-51-9
"Organics, Pesticides",35597-44-5
"Organics, Pesticides",88671-89-0
"Organics, Pesticides",138261-41-3
"Organics, Pesticides",88671-89-0
"Organics, Pesticides",1066-51-9
"Organics, Pesticides",138261-41-3
"Organics, Pesticides",138261-41-3
"Organics, Pesticides",88671-89-0
"Organics, Pesticides",88671-89-0
"Organics, Pesticides",1071-83-6
"Organics, Pesticides",88671-89-0
"Organics, Pesticides",88671-89-0
"Organics, Pesticides",35597-44-5
"Organics, Pesticides",1066-51-9
"Organics, Pesticides",138261-41-3
"Organics, Pesticides",1066-51-9
"Organics, Pesticides",88671-89-0
"Organics, Pesticides",138261-41-3
"Organics, Pesticides",88671-89-0
"Organics, Pesticides",35597-44-5
"Organics, Pesticides",88671-89-0
"Organics, Pesticides",1071-83-6
"Organics, Pesticides",138261-41-3
"Organics, Pesticides",138261-41-3
"Organics, Pesticides",1071-83-6
"Organics, Pesticides",35597-44-5
"Organics, Pesticides",138261-41-3
"Organics, Pesticides",88671-89-0
"Organics, Pesticides",138261-41-3
"Organics, Pesticides",88671-89-0
"Organics, Pesticides",88671-89-0
"Organics, Pesticides",1071-83-6
"Organics, Pesticides",35597-44-5
"Organics, Pesticides",138261-41-3
"Organics, Pesticides",88671-89-0
"Organics, Pesticides",1071-83-6
"Organics, Pesticides",1066-51-9
"Organics, Pesticides",138261-41-3
"Organics, Pesticides",1066-51-9
"Organics, Pesticides",88671-89-0
"Organics, Pesticides",35597-44-5
"Organics, Pesticides",88671-89-0
"Organics, Pesticides",138261-41-3
"Organics, Pesticides",88671-89-0
"Organics, Pesticides",138261-41-3
"Organics, Pesticides",88671-89-0
"Organics, Pesticides",138261-41-3
"Organics, Pesticides",138261-41-3
"Organics, Pesticides",88671-89-0
"Organics, Pesticides",138261-41-3
"Organics, Pesticides",138261-41-3
"Organics, Pesticides",88671-89-0
"Organics, Pesticides",88671-89-0
"Organics, Pesticides",138261-41-3
"Organics, Pesticides",138261-41-3
"Organics, Pesticides",88671-89-0
"Organics, Pesticides",88671-89-0
"Organics, Pesticides",1066-51-9
"Organics, Pesticides",1071-83-6
"Organics, Pesticides",1066-51-9
"Organics, Pesticides",138261-41-3
"Organics, Pesticides",35597-44-5
"Organics, Pesticides",138261-41-3
"Organics, Pesticides",138261-41-3
"Organics, Pesticides",1071-83-6
"Organics, Pesticides",138261-41-3
"Organics, Pesticides",88671-89-0
"Organics, Pesticides",88671-89-0
"Organics, Pesticides",138261-41-3
"Organics, Pesticides",138261-41-3
"Organics, Pesticides",88671-89-0
"Organics, Pesticides",88671-89-0
"Organics, Pesticides",35597-44-5
"Organics, Pesticides",88671-89-0
"Organics, Pesticides",88671-89-0